method,time,roc_auc,tp,fp,tn,fn,tpr,tnr,geometric_mean,arithmetic_mean,f1_score,precision
onehot,183.426033,0.858472,2,5,3996740,3253,0.000614,0.999999,0.024788,0.500307,0.001226,0.285714
onehot,182.563823,0.855764,6,12,3996543,3439,0.001742,0.999997,0.041733,0.500869,0.003465,0.333333
onehot,354.476785,0.909328,2,0,3996745,3253,0.000614,1.0,0.024788,0.500307,0.001228,1.0
onehot,352.941523,0.906763,3,1,3996554,3442,0.000871,1.0,0.02951,0.500435,0.00174,0.75
onehot,586.037454,0.95362,53,2,3996743,3202,0.016283,0.999999,0.127603,0.508141,0.032024,0.963636
onehot,705.748511,0.951407,74,1,3996554,3371,0.02148,1.0,0.146562,0.51074,0.042045,0.986667