roc_auc,tp,fp,tn,fn,tpr,tnr,geometric_mean,elapsed,minority_size,embedding_type,dropped_columns,max_depth,threshold
0.988523,1047,523766,2675180,6,0.994302,0.836269,0.911868,13630.464067,0.032906,skipgram,state_code,8,0.000329
0.988618,1046,510428,2688518,7,0.993352,0.840439,0.913702,15003.597218,0.032906,skipgram,state_code,8,0.000329
0.987907,1047,522998,2675948,7,0.993359,0.836509,0.911567,12714.270159,0.032938,skipgram,state_code,8,0.000329
0.991967,1053,486643,2712304,1,0.999051,0.847874,0.920364,12649.450525,0.032937,skipgram,state_code,8,0.000329
0.993013,1053,481945,2717002,1,0.999051,0.849343,0.921161,12632.283806,0.032937,skipgram,state_code,8,0.000329