roc_auc,tp,fp,tn,fn,tpr,tnr,geometric_mean,arithmetic_mean,f1_score,precision,elapsed,minority_size,embedding_type,dropped_columns,max_depth,threshold
0.847228,20114,8531756,21247469,5014,0.800462,0.7135,0.755731,0.756981,0.00469,0.002352,10149.685157,0.08431,catboost,nppes_provider_state,8,0.000843
0.911457,21351,6064708,23714517,3777,0.84969,0.796344,0.822585,0.823017,0.006988,0.003508,12321.148815,0.08431,catboost,,8,0.000843
0.847874,20247,8657774,21121451,4882,0.805722,0.709268,0.755958,0.757495,0.004653,0.002333,9946.953071,0.084313,catboost,nppes_provider_state,8,0.000843
0.900561,21097,6033773,23745452,4032,0.839548,0.797383,0.818194,0.818466,0.00694,0.003484,12057.352431,0.084313,catboost,,8,0.000843
0.848214,20104,8424509,21354717,5025,0.800032,0.717101,0.757432,0.758566,0.004747,0.002381,10029.77175,0.084313,catboost,nppes_provider_state,8,0.000843
0.91344,21349,5998049,23781177,3780,0.849576,0.798583,0.823685,0.824079,0.007064,0.003547,12079.771302,0.084313,catboost,,8,0.000843
0.845637,20101,8617598,21161628,5028,0.799912,0.710617,0.753944,0.755265,0.004641,0.002327,10045.542041,0.084313,catboost,nppes_provider_state,8,0.000843