config,ep_0,ep_1,ep_2,ep_3,ep_4,ep_5,ep_6,ep_7,ep_8,ep_9,ep_10,ep_11,ep_12,ep_13,ep_14,ep_15,ep_16,ep_17,ep_18,ep_19,ep_20,ep_21,ep_22,ep_23,ep_24,ep_25,ep_26,ep_27,ep_28,ep_29,ep_30,ep_31,ep_32,ep_33,ep_34,ep_35,ep_36,ep_37,ep_38,ep_39,ep_40,ep_41,ep_42,ep_43,ep_44,ep_45,ep_46,ep_47,ep_48,ep_49,ep_50,ep_51,ep_52,ep_53,ep_54,ep_55,ep_56,ep_57,ep_58,ep_59,ep_60,ep_61,ep_62,ep_63,ep_64,ep_65,ep_66,ep_67,ep_68,ep_69,ep_70,ep_71,ep_72,ep_73,ep_74,ep_75,ep_76,ep_77,ep_78,ep_79,ep_80,ep_81,ep_82,ep_83,ep_84,ep_85,ep_86,ep_87,ep_88,ep_89,ep_90,ep_91,ep_92,ep_93,ep_94,ep_95,ep_96,ep_97,ep_98,ep_99
embedding:skipgram150-layers:64+64-learn_rate:0.001-batch_size:128-dropout_rate:0.5-bathcnorm:True,0.7952786546107997,0.8298746677548119,0.8598609466000782,0.8803098194466851,0.8795107271737527,0.8873260182597901,0.8887707769167129,0.9038347974695448,0.9051502080387592,0.9047258184597626,0.9137474841674007,0.9140738242122091,0.9155447095696104,0.9167745969276001
embedding:skipgram150-layers:64+64-learn_rate:0.001-batch_size:128-dropout_rate:0.5-bathcnorm:True,0.7759388562531343,0.840603756694258,0.8623184859454429,0.8682412910264273,0.8884562090456805,0.8938691039686399,0.8944060223819844,0.9014424569736832,0.9021964853379709,0.9071526588447791,0.913094475015069,0.9146144378177161,0.9189736888731396,0.9216457816315095
